{
 "n_clusters": [
  2,
  3,
  4,
  5,
  6,
  7,
  8,
  9,
  10,
  11,
  12,
  13,
  14,
  15,
  16,
  17,
  18,
  19,
  20
 ],
 "wss": [
  9147.19140625,
  9019.9423828125,
  8964.4287109375,
  8921.490234375,
  8882.5859375,
  8846.2314453125,
  8813.4208984375,
  8787.4853515625,
  8764.001953125,
  8743.900390625,
  8723.83203125,
  8706.9755859375,
  8692.134765625,
  8675.9658203125,
  8661.744140625,
  8644.650390625,
  8629.943359375,
  8614.60546875,
  8604.193359375
 ],
 "mean_sil_coeff": [
  0.04823935031890869,
  0.020696386694908142,
  0.01998627558350563,
  0.019106987863779068,
  0.007892190478742123,
  0.009241178631782532,
  0.007514741737395525,
  0.007572729606181383,
  0.006745012477040291,
  0.006766294129192829,
  0.006452934816479683,
  0.005919429939240217,
  0.005774663761258125,
  0.0060867005959153175,
  0.006043523550033569,
  0.005829106085002422,
  0.006618513260036707,
  0.0045018745586276054,
  0.00703506451100111
 ],
 "time_used": [
  4.715674638748169,
  5.25350546836853,
  8.276919841766357,
  6.038888931274414,
  7.901635646820068,
  6.981462240219116,
  8.362570524215698,
  8.154884815216064,
  7.839634895324707,
  7.096106767654419,
  8.643826007843018,
  9.132951498031616,
  8.400925159454346,
  12.320552825927734,
  8.170042514801025,
  10.11650562286377,
  10.472755908966064,
  11.457617282867432,
  9.949894666671753
 ]
}