{
 "n_clusters": [
  3,
  4,
  5,
  6,
  7,
  8,
  9,
  10,
  11,
  12,
  13,
  14,
  15,
  16,
  17,
  18,
  19,
  20,
  21,
  22,
  23,
  24,
  25
 ],
 "wss": [
  9013.9482421875,
  8953.6689453125,
  8910.0224609375,
  8872.2275390625,
  8839.9287109375,
  8808.8232421875,
  8782.66015625,
  8761.234375,
  8740.0341796875,
  8719.9541015625,
  8703.7646484375,
  8688.8603515625,
  8672.771484375,
  8657.654296875,
  8640.1552734375,
  8630.8359375,
  8616.3671875,
  8604.9169921875,
  8591.73828125,
  8577.4462890625,
  8565.4853515625,
  8555.849609375,
  8546.2939453125
 ],
 "mean_sil_coeff": [
  0.02190387062728405,
  0.020664989948272705,
  0.019221680238842964,
  0.008455759845674038,
  0.008799082599580288,
  0.007539560552686453,
  0.006800130475312471,
  0.005896298680454493,
  0.0066747041419148445,
  0.005634996574372053,
  0.006485609337687492,
  0.0050118896178901196,
  0.006158914417028427,
  0.006631254684180021,
  0.004971019923686981,
  0.004628009628504515,
  0.004110467620193958,
  0.00550945894792676,
  0.005324952770024538,
  0.004553880542516708,
  0.005082054063677788,
  0.0046437871642410755,
  0.004697382915765047
 ],
 "time_used": [
  6.487516641616821,
  6.224394798278809,
  9.540642023086548,
  6.334243059158325,
  8.214389324188232,
  11.172985076904297,
  8.534313917160034,
  9.72705340385437,
  8.94989538192749,
  9.536160469055176,
  8.829562187194824,
  9.535602569580078,
  9.791501522064209,
  9.259776592254639,
  9.746578931808472,
  9.711260318756104,
  9.723070859909058,
  11.215753078460693,
  11.171852588653564,
  10.51599645614624,
  10.675452709197998,
  10.023722887039185,
  13.020313501358032
 ]
}