{
 "n_clusters": [
  3,
  4,
  5,
  6,
  7,
  8,
  9,
  10,
  11,
  12,
  13,
  14,
  15
 ],
 "wss": [
  9010.44140625,
  8951.978515625,
  8909.3125,
  8871.095703125,
  8835.9375,
  8803.810546875,
  8775.759765625,
  8754.0009765625,
  8732.8193359375,
  8716.2177734375,
  8697.9306640625,
  8680.9814453125,
  8665.4814453125
 ],
 "mean_sil_coeff": [
  0.02262796089053154,
  0.020176444202661514,
  0.01971661113202572,
  0.008462285622954369,
  0.0074389055371284485,
  0.007192517630755901,
  0.006358006969094276,
  0.005438120104372501,
  0.006280870176851749,
  0.006621408276259899,
  0.005031113978475332,
  0.00537894619628787,
  0.004860786721110344
 ],
 "time_used": [
  4.699601650238037,
  6.3565802574157715,
  6.716062307357788,
  6.464915990829468,
  8.782096147537231,
  7.175279855728149,
  10.455472469329834,
  7.457167148590088,
  8.676383972167969,
  7.958434343338013,
  10.533178806304932,
  9.087299585342407,
  8.113751888275146
 ]
}