{
 "n_clusters": [
  3,
  4,
  5,
  6,
  7,
  8,
  9,
  10,
  11,
  12,
  13,
  14,
  15
 ],
 "wss": [
  9009.5712890625,
  8950.2900390625,
  8908.625,
  8867.576171875,
  8833.9736328125,
  8801.263671875,
  8774.8828125,
  8751.666015625,
  8730.6953125,
  8714.892578125,
  8697.5849609375,
  8682.0322265625,
  8666.6142578125
 ],
 "mean_sil_coeff": [
  0.022284433245658875,
  0.02064303122460842,
  0.0075711882673203945,
  0.008401742205023766,
  0.006678416393697262,
  0.0073724547401070595,
  0.007563636638224125,
  0.006655014120042324,
  0.0061599211767315865,
  0.005788031034171581,
  0.005601445212960243,
  0.005527864675968885,
  0.007337421644479036
 ],
 "time_used": [
  14.251991748809814,
  12.507954835891724,
  9.013688564300537,
  7.714472532272339,
  7.647394895553589,
  9.683293342590332,
  12.059101104736328,
  9.40137791633606,
  9.009852886199951,
  11.138669729232788,
  23.55116605758667,
  9.331358432769775,
  15.469136714935303
 ]
}